,Month,Year,Unemployment,Unemployment_Norm,Unemployment_Norm_Diff,Unemployment_Norm_Diff_lag_1,Unemployment_Norm_Diff_lag_2,Unemployment_Norm_Diff_lag_3,Unemployment_Norm_Diff_lag_4,Unemployment_Norm_Diff_lag_5,Unemployment_Norm_Diff_lag_6,Unemployment_Norm_Diff_lag_7,Unemployment_Norm_Diff_lag_8,Unemployment_Norm_Diff_lag_9,Unemployment_Norm_Diff_lag_10,Unemployment_Norm_Diff_lag_11,Unemployment_Norm_Diff_lag_12,GDP,GDP_Norm,GDP_Norm_Diff,GDP_Norm_Diff_lag_1,GDP_Norm_Diff_lag_2,GDP_Norm_Diff_lag_3,GDP_Norm_Diff_lag_4,GDP_Norm_Diff_lag_5,GDP_Norm_Diff_lag_6,GDP_Norm_Diff_lag_7,GDP_Norm_Diff_lag_8,GDP_Norm_Diff_lag_9,GDP_Norm_Diff_lag_10,GDP_Norm_Diff_lag_11,GDP_Norm_Diff_lag_12,Core,Core Norm,Core_Norm_Diff,Core_Norm_Diff2,Core_Norm_Diff2_lag_1,Core_Norm_Diff2_lag_2,Core_Norm_Diff2_lag_3,Core_Norm_Diff2_lag_4,Core_Norm_Diff2_lag_5,Core_Norm_Diff2_lag_6,Core_Norm_Diff2_lag_7,Core_Norm_Diff2_lag_8,Core_Norm_Diff2_lag_9,Core_Norm_Diff2_lag_10,Core_Norm_Diff2_lag_11,Core_Norm_Diff2_lag_12,compound,compound_lag_1,compound_lag_2,compound_lag_3,compound_lag_4,compound_lag_5,compound_lag_6,compound_lag_7,compound_lag_8,compound_lag_9,compound_lag_10,compound_lag_11,compound_lag_12,Interest Rate,Interest Rate Norm,Interest Rate Norm Diff,Interest Rate Norm Diff2,Interest Rate Norm Diff2 lag 1,Interest Rate Norm Diff2 lag 2,Interest Rate Norm Diff2 lag 3,Interest Rate Norm Diff2 lag 4,Interest Rate Norm Diff2 lag 5,Interest Rate Norm Diff2 lag 6,Interest Rate Norm Diff2 lag 7,Interest Rate Norm Diff2 lag 8,Interest Rate Norm Diff2 lag 9,Interest Rate Norm Diff2 lag 10,Interest Rate Norm Diff2 lag 11,Interest Rate Norm Diff2 lag 12,CPI,CPIH,CPI_Diff_2,CPIH_Diff_2,CPI Norm,CPIH Norm,CPI_Norm_Diff_2,CPIH_Norm_Diff_2,CPI_Norm_Diff_2_lag_1,CPIH_Norm_Diff_2_lag_1,CPI_Norm_Diff_2_lag_2,CPIH_Norm_Diff_2_lag_2,CPI_Norm_Diff_2_lag_3,CPIH_Norm_Diff_2_lag_3,CPI_Norm_Diff_2_lag_4,CPIH_Norm_Diff_2_lag_4,CPI_Norm_Diff_2_lag_5,CPIH_Norm_Diff_2_lag_5,CPI_Norm_Diff_2_lag_6,CPIH_Norm_Diff_2_lag_6,CPI_Norm_Diff_2_lag_7,CPIH_Norm_Diff_2_lag_7,CPI_Norm_Diff_2_lag_8,CPIH_Norm_Diff_2_lag_8,CPI_Norm_Diff_2_lag_9,CPIH_Norm_Diff_2_lag_9,CPI_Norm_Diff_2_lag_10,CPIH_Norm_Diff_2_lag_10,CPI_Norm_Diff_2_lag_11,CPIH_Norm_Diff_2_lag_11,CPI_Norm_Diff_2_lag_12,CPIH_Norm_Diff_2_lag_12,Productivity,Productivity Norm,Productivity_Norm_Diff,Productivity_Norm_Diff_lag_1,Productivity_Norm_Diff_lag_2,Productivity_Norm_Diff_lag_3,Productivity_Norm_Diff_lag_4,Productivity_Norm_Diff_lag_5,Productivity_Norm_Diff_lag_6,Productivity_Norm_Diff_lag_7,Productivity_Norm_Diff_lag_8,Productivity_Norm_Diff_lag_9,Productivity_Norm_Diff_lag_10,Productivity_Norm_Diff_lag_11,Productivity_Norm_Diff_lag_12,Market Cap,Revenue,Earnings,PE,Absolute PE,PS,date,Market Cap_Norm,Market Cap_Norm_Diff,Revenue_Norm,Revenue_Norm_Diff,Earnings_Norm,Earnings_Norm_Diff,Earnings_Norm_Diff2,Earnings_mean,Earnings_std,Earnings_original_value1,Earnings_original_value2,PE_Norm,PE_Norm_Diff,PE_mean,PE_std,PE_original_value,Absolute PE_Norm,Absolute PE_Norm_Diff,PS_Norm,PS_Norm_Diff,Month_sin,Month_cos
60,3,2019,3.8,-1.2309525242271022,0.0,-0.0419224351322651,0.0,-0.0419224351322651,0.0,-0.0419224351322649,0.0,0.0419224351322649,0.0,0.0,-0.0838448702645302,0.0,0.0,557683.4,1.010780895869677,-0.0041804381072589,0.0123955274653817,0.0347847439369637,0.0522572986764617,0.0402298830234926,0.0232858056384392,0.0099863996633779,0.0185185754341681,0.0306954226149502,0.0409442386198503,0.0396686036263529,0.0364649374569693,0.0322516973070194,1.8,-0.32349946588545514,0.0,0.0,0.0,0.0,0.0,0.0,0.08526437347730981,-0.17052874695461961,0.08526437347730981,0.1705287469546198,-0.1705287469546198,0.08526437347730999,1.3877787807814457e-17,0.08526437347730961,-0.0565490120746432,-0.0299177836761778,-0.0499896262886597,-0.0768586092715231,-0.0193775071633237,-0.0036612676056338,-0.0342347005742411,-0.0560644343891402,-0.0512524675324675,0.0208444878811571,-0.0285152373022481,-0.029936303080766,-0.0608378296910324,1.19,-0.4800408497901978,-0.0562635782688935,0.0391548575299846,-0.1064415041944165,0.173613327229728,-0.0568376964144941,-0.1561601356034592,-0.0680904120682728,0.0895624307137483,0.0851991328071816,0.0341026178486963,-0.0798024222385325,-0.0137788354944226,0.1127568037960268,-0.3510158342204221,107.0,107.0,-0.2999999999999971,-0.1999999999999886,0.08508793854006345,0.11013536575281384,-0.29999999999999716,-0.19999999999998863,1.2999999999999972,1.09999999999998,-0.8999999999999915,-0.8999999999999773,-0.20000000000000284,-1.4210854715202004e-14,0.19999999999998863,0.09999999999999432,1.4210854715202004e-14,1.4210854715202004e-14,-0.6000000000000085,-0.5,0.7000000000000028,0.5999999999999943,0.0,0.0,-0.3999999999999915,-0.4000000000000057,-1.4210854715202004e-14,0.0,0.30000000000001137,0.20000000000001705,-0.4000000000000057,-0.20000000000001705,99.5,0.30271856353093873,0.0,0.0,-0.1753733518747218,0.0,0.0,0.1753733518747218,0.0,0.0,-0.13153001390603825,0.0,0.0,0.13153001390603825,0.0,9577438654.9,4918523348.9,401128671.9,26.4,24.0,1.9,2019-03-01,-0.07467606014969595,-0.15975655802237884,0.43419894911787005,0.03212273085874806,0.16399856010200478,-0.04103724426771624,0.015348075369538666,377664880.13063055,143073157.19586366,-0.004493265631371535,-0.43769226637602293,-0.18811386687994708,-0.03129190206930407,30.60810810810811,22.3700048162515,-0.19258413860413326,-0.3869763875570412,-0.01242174060694956,-0.4752365968766439,-0.25858461888876183,1.0,6.123233995736766e-17
61,4,2019,3.8,-1.2309525242271022,0.0,0.0,-0.0419224351322651,0.0,-0.0419224351322651,0.0,-0.0419224351322649,0.0,0.0419224351322649,0.0,0.0,-0.0838448702645302,0.0,558071.0,1.0249076422548045,0.0141267463851277,-0.0041804381072589,0.0123955274653817,0.0347847439369637,0.0522572986764617,0.0402298830234926,0.0232858056384392,0.0099863996633779,0.0185185754341681,0.0306954226149502,0.0409442386198503,0.0396686036263529,0.0364649374569693,1.7,-0.40876383936276517,-0.08526437347731003,-0.08526437347731003,0.0,0.0,0.0,0.0,0.0,0.08526437347730981,-0.17052874695461961,0.08526437347730981,0.1705287469546198,-0.1705287469546198,0.08526437347730999,1.3877787807814457e-17,0.0546446191051995,-0.0565490120746432,-0.0299177836761778,-0.0499896262886597,-0.0768586092715231,-0.0193775071633237,-0.0036612676056338,-0.0342347005742411,-0.0560644343891402,-0.0512524675324675,0.0208444878811571,-0.0285152373022481,-0.029936303080766,1.1906,-0.4793519080154765,0.0006889417747213,0.0569525200436148,0.0391548575299846,-0.1064415041944165,0.173613327229728,-0.0568376964144941,-0.1561601356034592,-0.0680904120682728,0.0895624307137483,0.0851991328071816,0.0341026178486963,-0.0798024222385325,-0.0137788354944226,0.1127568037960268,107.6,107.6,0.3999999999999915,0.3999999999999915,0.1637782877162108,0.19273689006742228,0.3999999999999915,0.3999999999999915,-0.29999999999999716,-0.19999999999998863,1.2999999999999972,1.09999999999998,-0.8999999999999915,-0.8999999999999773,-0.20000000000000284,-1.4210854715202004e-14,0.19999999999998863,0.09999999999999432,1.4210854715202004e-14,1.4210854715202004e-14,-0.6000000000000085,-0.5,0.7000000000000028,0.5999999999999943,0.0,0.0,-0.3999999999999915,-0.4000000000000057,-1.4210854715202004e-14,0.0,0.30000000000001137,0.20000000000001705,99.6,0.3465619014996161,0.04384333796867734,0.0,0.0,-0.1753733518747218,0.0,0.0,0.1753733518747218,0.0,0.0,-0.13153001390603825,0.0,0.0,0.13153001390603825,9215840550.8,4915732452.3,397453241.4,25.1,23.7,1.9,2019-04-01,-0.2537665475127269,-0.17909048736303096,0.42935904566302674,-0.004839903454843308,0.13830939120382757,-0.02568916889817721,0.015348075369539027,377664880.13063055,143073157.19586366,-0.004493265631371535,-0.43769226637602293,-0.2462273992943686,-0.05811353241442152,30.60810810810811,22.3700048162515,-0.19258413860413326,-0.39939812816399084,-0.012421740606949616,-0.4752365968766439,0.0,0.8660254037844387,-0.4999999999999998
62,5,2019,3.9,-1.189030089094837,0.0419224351322651,0.0,0.0,-0.0419224351322651,0.0,-0.0419224351322651,0.0,-0.0419224351322649,0.0,0.0419224351322649,0.0,0.0,-0.0838448702645302,559120.4,1.0631548240312607,0.0382471817764562,0.0141267463851277,-0.0041804381072589,0.0123955274653817,0.0347847439369637,0.0522572986764617,0.0402298830234926,0.0232858056384392,0.0099863996633779,0.0185185754341681,0.0306954226149502,0.0409442386198503,0.0396686036263529,1.7,-0.40876383936276517,0.0,0.08526437347731003,-0.08526437347731003,0.0,0.0,0.0,0.0,0.0,0.08526437347730981,-0.17052874695461961,0.08526437347730981,0.1705287469546198,-0.1705287469546198,0.08526437347730999,0.0749345877144438,0.0546446191051995,-0.0565490120746432,-0.0299177836761778,-0.0499896262886597,-0.0768586092715231,-0.0193775071633237,-0.0036612676056338,-0.0342347005742411,-0.0560644343891402,-0.0512524675324675,0.0208444878811571,-0.0285152373022481,1.13,-0.5489350272623121,-0.0695831192468356,-0.0702720610215569,0.0569525200436148,0.0391548575299846,-0.1064415041944165,0.173613327229728,-0.0568376964144941,-0.1561601356034592,-0.0680904120682728,0.0895624307137483,0.0851991328071816,0.0341026178486963,-0.0798024222385325,-0.0137788354944226,107.9,107.9,-0.2999999999999829,-0.2999999999999829,0.20312346230428635,0.23403765222472844,-0.29999999999998295,-0.29999999999998295,0.3999999999999915,0.3999999999999915,-0.29999999999999716,-0.19999999999998863,1.2999999999999972,1.09999999999998,-0.8999999999999915,-0.8999999999999773,-0.20000000000000284,-1.4210854715202004e-14,0.19999999999998863,0.09999999999999432,1.4210854715202004e-14,1.4210854715202004e-14,-0.6000000000000085,-0.5,0.7000000000000028,0.5999999999999943,0.0,0.0,-0.3999999999999915,-0.4000000000000057,-1.4210854715202004e-14,0.0,99.6,0.3465619014996161,0.0,0.04384333796867734,0.0,0.0,-0.1753733518747218,0.0,0.0,0.1753733518747218,0.0,0.0,-0.13153001390603825,0.0,0.0,8996322171.4,4905075329.5,395426190.2,23.7,23.4,1.9,2019-05-01,-0.362488504586419,-0.10872195707369209,0.41087772841952114,-0.0184813172435056,0.12414145614368903,-0.01416793506013854,0.011521233838038672,377664880.13063055,143073157.19586366,-0.004493265631371535,-0.43769226637602293,-0.30881120343297663,-0.06258380413860803,30.60810810810811,22.3700048162515,-0.19258413860413326,-0.4118198687709404,-0.01242174060694956,-0.4752365968766439,0.0,0.49999999999999994,-0.8660254037844387
63,6,2019,3.8,-1.2309525242271022,-0.0419224351322651,0.0419224351322651,0.0,0.0,-0.0419224351322651,0.0,-0.0419224351322651,0.0,-0.0419224351322649,0.0,0.0419224351322649,0.0,0.0,560639.9,1.118535606106088,0.0553807820748273,0.0382471817764562,0.0141267463851277,-0.0041804381072589,0.0123955274653817,0.0347847439369637,0.0522572986764617,0.0402298830234926,0.0232858056384392,0.0099863996633779,0.0185185754341681,0.0306954226149502,0.0409442386198503,1.7,-0.40876383936276517,0.0,0.0,0.08526437347731003,-0.08526437347731003,0.0,0.0,0.0,0.0,0.0,0.08526437347730981,-0.17052874695461961,0.08526437347730981,0.1705287469546198,-0.1705287469546198,0.0411959390862944,0.0749345877144438,0.0546446191051995,-0.0565490120746432,-0.0299177836761778,-0.0499896262886597,-0.0768586092715231,-0.0193775071633237,-0.0036612676056338,-0.0342347005742411,-0.0560644343891402,-0.0512524675324675,0.0208444878811571,0.919,-0.7912128847059139,-0.2422778574436017,-0.1726947381967661,-0.0702720610215569,0.0569525200436148,0.0391548575299846,-0.1064415041944165,0.173613327229728,-0.0568376964144941,-0.1561601356034592,-0.0680904120682728,0.0895624307137483,0.0851991328071816,0.0341026178486963,-0.0798024222385325,107.9,107.9,-0.3000000000000113,-0.3000000000000113,0.20312346230428635,0.23403765222472844,-0.30000000000001137,-0.30000000000001137,-0.29999999999998295,-0.29999999999998295,0.3999999999999915,0.3999999999999915,-0.29999999999999716,-0.19999999999998863,1.2999999999999972,1.09999999999998,-0.8999999999999915,-0.8999999999999773,-0.20000000000000284,-1.4210854715202004e-14,0.19999999999998863,0.09999999999999432,1.4210854715202004e-14,1.4210854715202004e-14,-0.6000000000000085,-0.5,0.7000000000000028,0.5999999999999943,0.0,0.0,-0.3999999999999915,-0.4000000000000057,99.6,0.3465619014996161,0.0,0.0,0.04384333796867734,0.0,0.0,-0.1753733518747218,0.0,0.0,0.1753733518747218,0.0,0.0,-0.13153001390603825,0.0,9100000000.0,4900000000.0,394500000.0,23.1,23.1,1.9,2019-06-01,-0.3111394719388918,0.051349032647527215,0.402076218259122,-0.00880151016039915,0.11766791339008881,-0.006473542753600223,0.007694392306538317,377664880.13063055,143073157.19586366,-0.004493265631371535,-0.43769226637602293,-0.3356328337780942,-0.026821630345117586,30.60810810810811,22.3700048162515,-0.19258413860413326,-0.42424160937788985,-0.01242174060694945,-0.4752365968766439,0.0,1.2246467991473532e-16,-1.0
64,7,2019,3.9,-1.189030089094837,0.0419224351322651,-0.0419224351322651,0.0419224351322651,0.0,0.0,-0.0419224351322651,0.0,-0.0419224351322651,0.0,-0.0419224351322649,0.0,0.0419224351322649,0.0,561480.0,1.1491544906214295,0.0306188845153414,0.0553807820748273,0.0382471817764562,0.0141267463851277,-0.0041804381072589,0.0123955274653817,0.0347847439369637,0.0522572986764617,0.0402298830234926,0.0232858056384392,0.0099863996633779,0.0185185754341681,0.0306954226149502,1.9,-0.23823509240814533,0.17052874695461984,0.17052874695461984,0.0,0.08526437347731003,-0.08526437347731003,0.0,0.0,0.0,0.0,0.0,0.08526437347730981,-0.17052874695461961,0.08526437347730981,0.1705287469546198,-0.0027349050826699,0.0411959390862944,0.0749345877144438,0.0546446191051995,-0.0565490120746432,-0.0299177836761778,-0.0499896262886597,-0.0768586092715231,-0.0193775071633237,-0.0036612676056338,-0.0342347005742411,-0.0560644343891402,-0.0512524675324675,0.8304,-0.8929466201064027,-0.1017337354004888,0.1405441220431129,-0.1726947381967661,-0.0702720610215569,0.0569525200436148,0.0391548575299846,-0.1064415041944165,0.173613327229728,-0.0568376964144941,-0.1561601356034592,-0.0680904120682728,0.0895624307137483,0.0851991328071816,0.0341026178486963,107.9,108.0,0.0,0.0999999999999943,0.20312346230428635,0.24780457294382918,0.0,0.09999999999999432,-0.30000000000001137,-0.30000000000001137,-0.29999999999998295,-0.29999999999998295,0.3999999999999915,0.3999999999999915,-0.29999999999999716,-0.19999999999998863,1.2999999999999972,1.09999999999998,-0.8999999999999915,-0.8999999999999773,-0.20000000000000284,-1.4210854715202004e-14,0.19999999999998863,0.09999999999999432,1.4210854715202004e-14,1.4210854715202004e-14,-0.6000000000000085,-0.5,0.7000000000000028,0.5999999999999943,0.0,0.0,100.4,0.6973086052490597,0.3507467037494436,0.0,0.0,0.04384333796867734,0.0,0.0,-0.1753733518747218,0.0,0.0,0.1753733518747218,0.0,0.0,-0.13153001390603825,9526874036.8,4900506463.7,394674670.8,23.3,24.7,2.0,2019-07-01,-0.09971944947109089,0.2114200224678009,0.40295451500841123,0.0008782967492892424,0.1188887629430269,0.0012208495529380942,0.007694392306538317,377664880.13063055,143073157.19586366,-0.004493265631371535,-0.43769226637602293,-0.3266922903297217,0.008940543448372529,30.60810810810811,22.3700048162515,-0.19258413860413326,-0.35799232614082566,0.0662492832370642,-0.21665197798788202,0.25858461888876183,-0.4999999999999997,-0.8660254037844388
65,8,2019,3.8,-1.2309525242271022,-0.0419224351322651,0.0419224351322651,-0.0419224351322651,0.0419224351322651,0.0,0.0,-0.0419224351322651,0.0,-0.0419224351322651,0.0,-0.0419224351322649,0.0,0.0419224351322649,561449.0,1.148024642484332,-0.0011298481370976,0.0306188845153414,0.0553807820748273,0.0382471817764562,0.0141267463851277,-0.0041804381072589,0.0123955274653817,0.0347847439369637,0.0522572986764617,0.0402298830234926,0.0232858056384392,0.0099863996633779,0.0185185754341681,1.5,-0.579292586317385,-0.3410574939092397,-0.5115862408638595,0.17052874695461984,0.0,0.08526437347731003,-0.08526437347731003,0.0,0.0,0.0,0.0,0.0,0.08526437347730981,-0.17052874695461961,0.08526437347730981,-0.0487642349903163,-0.0027349050826699,0.0411959390862944,0.0749345877144438,0.0546446191051995,-0.0565490120746432,-0.0299177836761778,-0.0499896262886597,-0.0768586092715231,-0.0193775071633237,-0.0036612676056338,-0.0342347005742411,-0.0560644343891402,0.5776,-1.1832207545222444,-0.2902741344158417,-0.1885403990153529,0.1405441220431129,-0.1726947381967661,-0.0702720610215569,0.0569525200436148,0.0391548575299846,-0.1064415041944165,0.173613327229728,-0.0568376964144941,-0.1561601356034592,-0.0680904120682728,0.0895624307137483,0.0851991328071816,108.4,108.3,0.5,0.2000000000000028,0.26869875328440973,0.2891053351011334,0.5,0.20000000000000284,0.0,0.09999999999999432,-0.30000000000001137,-0.30000000000001137,-0.29999999999998295,-0.29999999999998295,0.3999999999999915,0.3999999999999915,-0.29999999999999716,-0.19999999999998863,1.2999999999999972,1.09999999999998,-0.8999999999999915,-0.8999999999999773,-0.20000000000000284,-1.4210854715202004e-14,0.19999999999998863,0.09999999999999432,1.4210854715202004e-14,1.4210854715202004e-14,-0.6000000000000085,-0.5,0.7000000000000028,0.5999999999999943,100.4,0.6973086052490597,0.0,0.3507467037494436,0.0,0.0,0.04384333796867734,0.0,0.0,-0.1753733518747218,0.0,0.0,0.1753733518747218,0.0,0.0,10215809755.6,4904565301.6,394558358.7,24.2,26.3,2.1,2019-08-01,0.24149316266022405,0.34121261213131493,0.4099932507232585,0.007038735714847255,0.11807580751323377,-0.0008129554297931357,-0.00203380498273123,377664880.13063055,143073157.19586366,-0.004493265631371535,-0.43769226637602293,-0.28645984481204523,0.04023244551767646,30.60810810810811,22.3700048162515,-0.19258413860413326,-0.2917430429037613,0.06624928323706436,0.041932640900879836,0.25858461888876183,-0.8660254037844385,-0.5000000000000004
66,9,2019,3.8,-1.2309525242271022,0.0,-0.0419224351322651,0.0419224351322651,-0.0419224351322651,0.0419224351322651,0.0,0.0,-0.0419224351322651,0.0,-0.0419224351322651,0.0,-0.0419224351322649,0.0,560831.9,1.1255333752132726,-0.0224912672710593,-0.0011298481370976,0.0306188845153414,0.0553807820748273,0.0382471817764562,0.0141267463851277,-0.0041804381072589,0.0123955274653817,0.0347847439369637,0.0522572986764617,0.0402298830234926,0.0232858056384392,0.0099863996633779,1.6,-0.494028212840075,0.08526437347731003,0.4263218673865497,-0.5115862408638595,0.17052874695461984,0.0,0.08526437347731003,-0.08526437347731003,0.0,0.0,0.0,0.0,0.0,0.08526437347730981,-0.17052874695461961,-0.0138293841642228,-0.0487642349903163,-0.0027349050826699,0.0411959390862944,0.0749345877144438,0.0546446191051995,-0.0565490120746432,-0.0299177836761778,-0.0499896262886597,-0.0768586092715231,-0.0193775071633237,-0.0036612676056338,-0.0342347005742411,0.5981,-1.159681910552605,0.0235388439696393,0.313812978385481,-0.1885403990153529,0.1405441220431129,-0.1726947381967661,-0.0702720610215569,0.0569525200436148,0.0391548575299846,-0.1064415041944165,0.173613327229728,-0.0568376964144941,-0.1561601356034592,-0.0680904120682728,0.0895624307137483,108.5,108.4,-0.4000000000000057,-0.1999999999999886,0.28181381148043366,0.30287225582023614,-0.4000000000000057,-0.19999999999998863,0.5,0.20000000000000284,0.0,0.09999999999999432,-0.30000000000001137,-0.30000000000001137,-0.29999999999998295,-0.29999999999998295,0.3999999999999915,0.3999999999999915,-0.29999999999999716,-0.19999999999998863,1.2999999999999972,1.09999999999998,-0.8999999999999915,-0.8999999999999773,-0.20000000000000284,-1.4210854715202004e-14,0.19999999999998863,0.09999999999999432,1.4210854715202004e-14,1.4210854715202004e-14,-0.6000000000000085,-0.5,100.4,0.6973086052490597,0.0,0.0,0.3507467037494436,0.0,0.0,0.04384333796867734,0.0,0.0,-0.1753733518747218,0.0,0.0,0.1753733518747218,0.0,10800000000.0,4900000000.0,385800000.0,25.5,27.9,2.2,2019-09-01,0.5308279639107044,0.2893348012504804,0.402076218259122,-0.007917032464136498,0.05685986126826478,-0.06121594624496898,-0.06040299081517585,377664880.13063055,143073157.19586366,-0.004493265631371535,-0.43769226637602293,-0.22834631239762354,0.05811353241442169,30.60810810810811,22.3700048162515,-0.19258413860413326,-0.2254937596666971,0.0662492832370642,0.30051725978964167,0.25858461888876183,-1.0,-1.8369701987210297e-16
67,10,2019,3.8,-1.2309525242271022,0.0,0.0,-0.0419224351322651,0.0419224351322651,-0.0419224351322651,0.0419224351322651,0.0,0.0,-0.0419224351322651,0.0,-0.0419224351322651,0.0,-0.0419224351322649,561339.0,1.1440155039333408,0.0184821287200682,-0.0224912672710593,-0.0011298481370976,0.0306188845153414,0.0553807820748273,0.0382471817764562,0.0141267463851277,-0.0041804381072589,0.0123955274653817,0.0347847439369637,0.0522572986764617,0.0402298830234926,0.0232858056384392,1.7,-0.40876383936276517,0.08526437347730981,-2.220446049250313e-16,0.4263218673865497,-0.5115862408638595,0.17052874695461984,0.0,0.08526437347731003,-0.08526437347731003,0.0,0.0,0.0,0.0,0.0,0.08526437347730981,0.0155601903695408,-0.0138293841642228,-0.0487642349903163,-0.0027349050826699,0.0411959390862944,0.0749345877144438,0.0546446191051995,-0.0565490120746432,-0.0299177836761778,-0.0499896262886597,-0.0768586092715231,-0.0193775071633237,-0.0036612676056338,0.6373,-1.1146710479374906,0.0450108626151144,0.0214720186454751,0.313812978385481,-0.1885403990153529,0.1405441220431129,-0.1726947381967661,-0.0702720610215569,0.0569525200436148,0.0391548575299846,-0.1064415041944165,0.173613327229728,-0.0568376964144941,-0.1561601356034592,-0.0680904120682728,108.3,108.3,-0.2999999999999971,-0.200000000000017,0.25558369508838397,0.2891053351011334,-0.29999999999999716,-0.20000000000001705,-0.4000000000000057,-0.19999999999998863,0.5,0.20000000000000284,0.0,0.09999999999999432,-0.30000000000001137,-0.30000000000001137,-0.29999999999998295,-0.29999999999998295,0.3999999999999915,0.3999999999999915,-0.29999999999999716,-0.19999999999998863,1.2999999999999972,1.09999999999998,-0.8999999999999915,-0.8999999999999773,-0.20000000000000284,-1.4210854715202004e-14,0.19999999999998863,0.09999999999999432,1.4210854715202004e-14,1.4210854715202004e-14,100.6,0.7849952811864144,0.08768667593735469,0.0,0.0,0.3507467037494436,0.0,0.0,0.04384333796867734,0.0,0.0,-0.1753733518747218,0.0,0.0,0.1753733518747218,11218310243.9,4884781139.9,367007750.8,27.1,31.8,2.3,2019-10-01,0.7380065541731173,0.20717859026241292,0.37568404967187147,-0.02639216858725052,-0.07448727308114961,-0.1313471343494144,-0.07013118810444541,377664880.13063055,143073157.19586366,-0.004493265631371535,-0.43769226637602293,-0.156821964810643,0.07152434758698054,30.60810810810811,22.3700048162515,-0.19258413860413326,-0.06401113177635279,0.16148262789034432,0.5591018786784024,0.2585846188887608,-0.8660254037844386,0.5000000000000001
68,11,2019,3.8,-1.2309525242271022,0.0,0.0,0.0,-0.0419224351322651,0.0419224351322651,-0.0419224351322651,0.0419224351322651,0.0,0.0,-0.0419224351322651,0.0,-0.0419224351322651,0.0,563255.2,1.213854697491605,0.0698391935582638,0.0184821287200682,-0.0224912672710593,-0.0011298481370976,0.0306188845153414,0.0553807820748273,0.0382471817764562,0.0141267463851277,-0.0041804381072589,0.0123955274653817,0.0347847439369637,0.0522572986764617,0.0402298830234926,1.7,-0.40876383936276517,0.0,-0.08526437347730981,-2.220446049250313e-16,0.4263218673865497,-0.5115862408638595,0.17052874695461984,0.0,0.08526437347731003,-0.08526437347731003,0.0,0.0,0.0,0.0,0.0,0.0466422857142857,0.0155601903695408,-0.0138293841642228,-0.0487642349903163,-0.0027349050826699,0.0411959390862944,0.0749345877144438,0.0546446191051995,-0.0565490120746432,-0.0299177836761778,-0.0499896262886597,-0.0768586092715231,-0.0193775071633237,0.765,-0.9680412735510072,0.1466297743864832,0.1016189117713688,0.0214720186454751,0.313812978385481,-0.1885403990153529,0.1405441220431129,-0.1726947381967661,-0.0702720610215569,0.0569525200436148,0.0391548575299846,-0.1064415041944165,0.173613327229728,-0.0568376964144941,-0.1561601356034592,108.5,108.5,0.4000000000000057,0.3000000000000113,0.28181381148043366,0.3166391765393369,0.4000000000000057,0.30000000000001137,-0.29999999999999716,-0.20000000000001705,-0.4000000000000057,-0.19999999999998863,0.5,0.20000000000000284,0.0,0.09999999999999432,-0.30000000000001137,-0.30000000000001137,-0.29999999999998295,-0.29999999999998295,0.3999999999999915,0.3999999999999915,-0.29999999999999716,-0.19999999999998863,1.2999999999999972,1.09999999999998,-0.8999999999999915,-0.8999999999999773,-0.20000000000000284,-1.4210854715202004e-14,0.19999999999998863,0.09999999999999432,100.6,0.7849952811864144,0.0,0.08768667593735469,0.0,0.0,0.3507467037494436,0.0,0.0,0.04384333796867734,0.0,0.0,-0.1753733518747218,0.0,0.0,11470740487.3,4858908721.3,338181611.1,29.0,35.8,2.4,2019-11-01,0.8630289334474627,0.12502237927434534,0.3308167449615085,-0.04486730471036299,-0.2759655955350094,-0.20147832245385977,-0.07013118810444538,377664880.13063055,143073157.19586366,-0.004493265631371535,-0.43769226637602293,-0.07188680205110373,0.08493516275953927,30.60810810810811,22.3700048162515,-0.19258413860413326,0.10161207631630781,0.1656232080926606,0.8176864975671643,0.25858461888876183,-0.5000000000000004,0.8660254037844384
69,12,2019,3.9,-1.189030089094837,0.0419224351322651,0.0,0.0,0.0,-0.0419224351322651,0.0419224351322651,-0.0419224351322651,0.0419224351322651,0.0,0.0,-0.0419224351322651,0.0,-0.0419224351322651,563825.0,1.2346220351857402,0.0207673376941355,0.0698391935582638,0.0184821287200682,-0.0224912672710593,-0.0011298481370976,0.0306188845153414,0.0553807820748273,0.0382471817764562,0.0141267463851277,-0.0041804381072589,0.0123955274653817,0.0347847439369637,0.0522572986764617,1.4,-0.664556959794695,-0.2557931204319298,-0.2557931204319298,-0.08526437347730981,-2.220446049250313e-16,0.4263218673865497,-0.5115862408638595,0.17052874695461984,0.0,0.08526437347731003,-0.08526437347731003,0.0,0.0,0.0,0.0,0.0292060515278609,0.0466422857142857,0.0155601903695408,-0.0138293841642228,-0.0487642349903163,-0.0027349050826699,0.0411959390862944,0.0749345877144438,0.0546446191051995,-0.0565490120746432,-0.0299177836761778,-0.0499896262886597,-0.0768586092715231,0.8308,-0.8924873255899219,0.0755539479610853,-0.0710758264253978,0.1016189117713688,0.0214720186454751,0.313812978385481,-0.1885403990153529,0.1405441220431129,-0.1726947381967661,-0.0702720610215569,0.0569525200436148,0.0391548575299846,-0.1064415041944165,0.173613327229728,-0.0568376964144941,108.5,108.5,-0.2000000000000028,-0.2000000000000028,0.28181381148043366,0.3166391765393369,-0.20000000000000284,-0.20000000000000284,0.4000000000000057,0.30000000000001137,-0.29999999999999716,-0.20000000000001705,-0.4000000000000057,-0.19999999999998863,0.5,0.20000000000000284,0.0,0.09999999999999432,-0.30000000000001137,-0.30000000000001137,-0.29999999999998295,-0.29999999999998295,0.3999999999999915,0.3999999999999915,-0.29999999999999716,-0.19999999999998863,1.2999999999999972,1.09999999999998,-0.8999999999999915,-0.8999999999999773,-0.20000000000000284,-1.4210854715202004e-14,100.6,0.7849952811864144,0.0,0.0,0.08768667593735469,0.0,0.0,0.3507467037494436,0.0,0.0,0.04384333796867734,0.0,0.0,-0.1753733518747218,0.0,11337800487.1,4828581942.1,297564665.8,30.6,39.8,2.3,2019-12-01,0.7971870798649698,-0.06584185358249284,0.2782247989093401,-0.05259194605216838,-0.5598549434466963,-0.2838893479116869,-0.08241102545782714,377664880.13063055,143073157.19586366,-0.004493265631371535,-0.43769226637602293,-0.00036245446412317843,0.07152434758698055,30.60810810810811,22.3700048162515,-0.19258413860413326,0.26723528440896854,0.16562320809266073,0.5591018786784024,-0.25858461888876183,-2.4492935982947064e-16,1.0
70,1,2020,4.0,-1.147107653962572,0.0419224351322651,0.0419224351322651,0.0,0.0,0.0,-0.0419224351322651,0.0419224351322651,-0.0419224351322651,0.0419224351322651,0.0,0.0,-0.0419224351322651,0.0,546515.0,0.6037294141161369,-0.6308926210696033,0.0207673376941355,0.0698391935582638,0.0184821287200682,-0.0224912672710593,-0.0011298481370976,0.0306188845153414,0.0553807820748273,0.0382471817764562,0.0141267463851277,-0.0041804381072589,0.0123955274653817,0.0347847439369637,1.6,-0.494028212840075,0.17052874695462,0.4263218673865498,-0.2557931204319298,-0.08526437347730981,-2.220446049250313e-16,0.4263218673865497,-0.5115862408638595,0.17052874695461984,0.0,0.08526437347731003,-0.08526437347731003,0.0,0.0,0.0,0.0453631307339449,0.0292060515278609,0.0466422857142857,0.0155601903695408,-0.0138293841642228,-0.0487642349903163,-0.0027349050826699,0.0411959390862944,0.0749345877144438,0.0546446191051995,-0.0565490120746432,-0.0299177836761778,-0.0499896262886597,0.7235,-1.0156930796358865,-0.1232057540459643,-0.1987597020070497,-0.0710758264253978,0.1016189117713688,0.0214720186454751,0.313812978385481,-0.1885403990153529,0.1405441220431129,-0.1726947381967661,-0.0702720610215569,0.0569525200436148,0.0391548575299846,-0.1064415041944165,0.173613327229728,108.2,108.3,-0.2999999999999971,-0.2000000000000028,0.24246863689236,0.2891053351011334,-0.29999999999999716,-0.20000000000000284,-0.20000000000000284,-0.20000000000000284,0.4000000000000057,0.30000000000001137,-0.29999999999999716,-0.20000000000001705,-0.4000000000000057,-0.19999999999998863,0.5,0.20000000000000284,0.0,0.09999999999999432,-0.30000000000001137,-0.30000000000001137,-0.29999999999998295,-0.29999999999998295,0.3999999999999915,0.3999999999999915,-0.29999999999999716,-0.19999999999998863,1.2999999999999972,1.09999999999998,-0.8999999999999915,-0.8999999999999773,99.8,0.434248577436977,-0.3507467037494374,0.0,0.0,0.08768667593735469,0.0,0.0,0.3507467037494436,0.0,0.0,0.04384333796867734,0.0,0.0,-0.1753733518747218,10600000000.0,4800000000.0,243400000.0,31.1,43.7,2.2,2020-01-01,0.43177297145781074,-0.3654141084071591,0.22865870594984009,-0.04956609295950001,-0.9384351527717055,-0.37858020932500924,-0.09469086141332234,377664880.13063055,143073157.19586366,-0.004493265631371535,-0.43769226637602293,0.021988904156808223,0.022351358620931402,30.60810810810811,22.3700048162515,-0.19258413860413326,0.428717912299313,0.16148262789034445,0.30051725978964167,-0.2585846188887608,0.49999999999999994,0.8660254037844387
71,2,2020,4.0,-1.147107653962572,0.0,0.0419224351322651,0.0419224351322651,0.0,0.0,0.0,-0.0419224351322651,0.0419224351322651,-0.0419224351322651,0.0419224351322651,0.0,0.0,-0.0419224351322651,508569.5,-0.7792593757623516,-1.3829887898784885,-0.6308926210696033,0.0207673376941355,0.0698391935582638,0.0184821287200682,-0.0224912672710593,-0.0011298481370976,0.0306188845153414,0.0553807820748273,0.0382471817764562,0.0141267463851277,-0.0041804381072589,0.0123955274653817,1.7,-0.40876383936276517,0.08526437347730981,-0.0852643734773102,0.4263218673865498,-0.2557931204319298,-0.08526437347730981,-2.220446049250313e-16,0.4263218673865497,-0.5115862408638595,0.17052874695461984,0.0,0.08526437347731003,-0.08526437347731003,0.0,0.0,0.0046662777129521,0.0453631307339449,0.0292060515278609,0.0466422857142857,0.0155601903695408,-0.0138293841642228,-0.0487642349903163,-0.0027349050826699,0.0411959390862944,0.0749345877144438,0.0546446191051995,-0.0565490120746432,-0.0299177836761778,0.633,-1.1196084639896586,-0.1039153843537723,0.019290369692192,-0.1987597020070497,-0.0710758264253978,0.1016189117713688,0.0214720186454751,0.313812978385481,-0.1885403990153529,0.1405441220431129,-0.1726947381967661,-0.0702720610215569,0.0569525200436148,0.0391548575299846,-0.1064415041944165,108.6,108.6,0.6999999999999886,0.5,0.29492886967645765,0.3304060972584376,0.6999999999999886,0.5,-0.29999999999999716,-0.20000000000000284,-0.20000000000000284,-0.20000000000000284,0.4000000000000057,0.30000000000001137,-0.29999999999999716,-0.20000000000001705,-0.4000000000000057,-0.19999999999998863,0.5,0.20000000000000284,0.0,0.09999999999999432,-0.30000000000001137,-0.30000000000001137,-0.29999999999998295,-0.29999999999998295,0.3999999999999915,0.3999999999999915,-0.29999999999999716,-0.19999999999998863,1.2999999999999972,1.09999999999998,99.8,0.434248577436977,0.0,-0.3507467037494374,0.0,0.0,0.08768667593735469,0.0,0.0,0.3507467037494436,0.0,0.0,0.04384333796867734,0.0,0.0,9257339026.1,4773162895.1,175687613.6,30.6,73.3,1.9,2020-02-01,-0.2332133917244859,-0.6649863631822966,0.18211846625642836,-0.04654023969341173,-1.41170622420898,-0.4732710714372744,-0.09469086211226518,377664880.13063055,143073157.19586366,-0.004493265631371535,-0.43769226637602293,-0.00036245446412317843,-0.022351358620931402,30.60810810810811,22.3700048162515,-0.19258413860413326,1.6543296521850022,1.2256117398856892,-0.4752365968766439,-0.7757538566662856,0.8660254037844386,0.5000000000000001
